CREATE TABLE TBL_CUST_202301 (
CUST_NO CHAR(4) NOT NULL PRIMARY KEY,
CUST_NAME VARCHAR2(14),
CUST_TELE VARCHAR2(11)
);

INSERT INTO TBL_CUST_202301 VALUES ('1001', '박선수', '01011112222');
INSERT INTO TBL_CUST_202301 VALUES ('1002', '백선수', '01011113333');
INSERT INTO TBL_CUST_202301 VALUES ('1003', '채선수', '01011114444');
INSERT INTO TBL_CUST_202301 VALUES ('1004', '임선수', '01011115555');
INSERT INTO TBL_CUST_202301 VALUES ('1005', '한선수', '01011116666');

CREATE TABLE TBL_COURT_202301 (
COURT_NO CHAR(4) NOT NULL PRIMARY KEY,
USED_FLAG CHAR(1)
);

INSERT INTO TBL_COURT_202301 VALUES ('C001', 'N');
INSERT INTO TBL_COURT_202301 VALUES ('C002', 'N');
INSERT INTO TBL_COURT_202301 VALUES ('C003', 'N');
INSERT INTO TBL_COURT_202301 VALUES ('C004', 'N');
INSERT INTO TBL_COURT_202301 VALUES ('C005', 'N');
INSERT INTO TBL_COURT_202301 VALUES ('C006', 'N');
INSERT INTO TBL_COURT_202301 VALUES ('C007', 'N');
INSERT INTO TBL_COURT_202301 VALUES ('C008', 'N');
INSERT INTO TBL_COURT_202301 VALUES ('C009', 'N');

CREATE TABLE TBL_RESV_202301 (
RESV_NO CHAR(8) NOT NULL PRIMARY KEY,
RESV_DATE CHAR(8),
COURT_NO CHAR(4),
CUST_NO CHAR(4)
);


INSERT INTO TBL_RESV_202301 VALUES ('20230001', '20230101', 'C001', '1005');
INSERT INTO TBL_RESV_202301 VALUES ('20230002', '20230101', 'C002', '1004');
INSERT INTO TBL_RESV_202301 VALUES ('20230003', '20230101', 'C003', '1003');
INSERT INTO TBL_RESV_202301 VALUES ('20230004', '20230101', 'C004', '1002');
INSERT INTO TBL_RESV_202301 VALUES ('20230005', '20230101', 'C005', '1001');

select * from TBL_CUST_202301

select * from TBL_COURT_202301

select * from TBL_RESV_202301


CREATE TABLE TBL_TEACHER_2504 (
TEACHER_CODE CHAR(3) NOT NULL PRIMARY KEY,
TEACHER_NAME VARCHAR2(15),
CLASS_NAME VARCHAR2(20),
CLASS_PRICE NUMBER(8),
TEACHER_RESIST_DATE VARCHAR2(8)
);

INSERT INTO TBL_TEACHER_2504 VALUES ('100', '이초급', '초급반', 100000, '20250101');
INSERT INTO TBL_TEACHER_2504 VALUES ('200', '김중급', '중급반', 200000, '20250102');
INSERT INTO TBL_TEACHER_2504 VALUES ('300', '박고급', '고급반', 300000, '20250103');
INSERT INTO TBL_TEACHER_2504 VALUES ('400', '정심화', '심화반', 400000, '20250104');

SELECT * FROM TBL_TEACHER_2504

CREATE TABLE TBL_MEMBER_2504 (
C_NO CHAR(5) NOT NULL PRIMARY KEY,
C_NAME VARCHAR2(15),
PHONE VARCHAR2(11),
ADDRESS VARCHAR2(50),
GRADE VARCHAR2(6)
);

INSERT INTO TBL_MEMBER_2504 VALUES ('10001', '홍길동', '01011112222', '서울시 강남구', '일반');
INSERT INTO TBL_MEMBER_2504 VALUES ('10002', '장발장', '01022223333', '성남시 분당구', '일반');
INSERT INTO TBL_MEMBER_2504 VALUES ('10003', '임꺽정', '01033334444', '대전시 유성구', '일반');
INSERT INTO TBL_MEMBER_2504 VALUES ('20001', '성춘향', '01044445555', '부산시 서구', 'VIP');
INSERT INTO TBL_MEMBER_2504 VALUES ('20002', '이몽룡', '01055556666', '대구시 북구', 'VIP');

SELECT * FROM TBL_MEMBER_2504

CREATE TABLE TBL_CLASS_2504 (
RESIST_MONTH VARCHAR2(6) NOT NULL,
C_NO CHAR(5) NOT NULL PRIMARY KEY,
CLASS_AREA VARCHAR2(15),
TUITION NUMBER(8),
TEACHER_CODE CHAR(3)
);

INSERT INTO TBL_CLASS_2504 VALUES ('202503', '10001', '서울본원', 100000, '100');
INSERT INTO TBL_CLASS_2504 VALUES ('202503', '10002', '성남분원', 100000, '100');
INSERT INTO TBL_CLASS_2504 VALUES ('202503', '10003', '대전분원', 200000, '200');
INSERT INTO TBL_CLASS_2504 VALUES ('202503', '20001', '부산분원', 150000, '300');
INSERT INTO TBL_CLASS_2504 VALUES ('202503', '20002', '대구분원', 200000, '400');

SELECT * FROM TBL_CLASS_2504

CREATE TABLE TBL_EMP_2504 (
Empno CHAR(4) NOT NULL PRIMARY KEY,
Empname VARCHAR2(20),
Tel1 CHAR(3),
Tel2 CHAR(4),
Tel3 CHAR(4),
Deptcode CHAR(2),
Position CHAR(1)
);

INSERT INTO TBL_EMP_2504 VALUES ('1001', '김사원', '010', '1234', '1111', '10', '1');
INSERT INTO TBL_EMP_2504 VALUES ('1002', '이사원', '010', '1234', '2222', '20', '2');
INSERT INTO TBL_EMP_2504 VALUES ('1003', '박사원', '010', '1234', '3333', '30', '3');
INSERT INTO TBL_EMP_2504 VALUES ('1004', '홍사원', '010', '1234', '4444', '10', '4');
INSERT INTO TBL_EMP_2504 VALUES ('1005', '조사원', '010', '1234', '5555', '20', '1');
INSERT INTO TBL_EMP_2504 VALUES ('1006', '정사원', '010', '1234', '6666', '30', '2');
INSERT INTO TBL_EMP_2504 VALUES ('1007', '황사원', '010', '1234', '7777', '10', '3');

SELECT * FROM TBL_EMP_2504

CREATE TABLE TBL_SEAT_2504 (
seatno CHAR(4) NOT NULL PRIMARY KEY,
office VARCHAR2(20),
callno VARCHAR2(10),
useflag CHAR(1)
);

INSERT INTO TBL_SEAT_2504 VALUES ('S001', '1층 101호', '777-0001', 'N');
INSERT INTO TBL_SEAT_2504 VALUES ('S002', '1층 101호', '777-0002', 'Y');
INSERT INTO TBL_SEAT_2504 VALUES ('S003', '1층 101호', '777-0003', 'Y');
INSERT INTO TBL_SEAT_2504 VALUES ('S004', '1층 102호', '777-0004', 'Y');
INSERT INTO TBL_SEAT_2504 VALUES ('S005', '1층 102호', '777-0005', 'Y');
INSERT INTO TBL_SEAT_2504 VALUES ('S006', '1층 102호', '777-0006', 'N');
INSERT INTO TBL_SEAT_2504 VALUES ('S007', '1층 103호', '777-0007', 'Y');
INSERT INTO TBL_SEAT_2504 VALUES ('S008', '1층 103호', '777-0008', 'Y');
INSERT INTO TBL_SEAT_2504 VALUES ('S009', '1층 103호', '777-0009', 'Y');

SELECT * FROM TBL_SEAT_2504

CREATE TABLE TBL_RESV_2504 (
resvno CHAR(8) NOT NULL PRIMARY KEY,
empno CHAR(4),
resvdate CHAR(8),
seatno CHAR(4)
);

INSERT INTO TBL_RESV_2504 VALUES ('20210001', '1001', '20211004', 'S002');
INSERT INTO TBL_RESV_2504 VALUES ('20210002', '1002', '20211004', 'S003');
INSERT INTO TBL_RESV_2504 VALUES ('20210003', '1003', '20211004', 'S004');
INSERT INTO TBL_RESV_2504 VALUES ('20210004', '1004', '20211004', 'S005');
INSERT INTO TBL_RESV_2504 VALUES ('20210005', '1005', '20211005', 'S004');
INSERT INTO TBL_RESV_2504 VALUES ('20210006', '1006', '20211005', 'S005');
INSERT INTO TBL_RESV_2504 VALUES ('20210007', '1007', '20211005', 'S007');
INSERT INTO TBL_RESV_2504 VALUES ('20210008', '1001', '20211005', 'S008');
INSERT INTO TBL_RESV_2504 VALUES ('20210009', '1002', '20211006', 'S002');
INSERT INTO TBL_RESV_2504 VALUES ('20210010', '1003', '20211006', 'S003');

SELECT * FROM TBL_RESV_2504

CREATE TABLE TBL_STUDENT_202210 (
stuid CHAR(8) NOT NULL PRIMARY KEY,
sname VARCHAR2(20),
dept_name VARCHAR2(20),
jumin CHAR(13),
phone CHAR(13),
email CHAR(30)
);

INSERT INTO TBL_STUDENT_202210 VALUES ('20220011', '김한국', '사회복지과', '0301013111111', '010-1111-1111', 'hankuk@naver.com');
INSERT INTO TBL_STUDENT_202210 VALUES ('20220012', '홍길동', '관광과', '0202013222222', '010-2222-2222', 'hongkil@naver.com');
INSERT INTO TBL_STUDENT_202210 VALUES ('20220013', '김미자', '패션디자인과', '0203014333333', '010-3333-3333', 'kimja@naver.com');
INSERT INTO TBL_STUDENT_202210 VALUES ('20220014', '윤한얼', '물리치료과', '0204014444444', '010-4444-4444', 'yoon@naver.com');
INSERT INTO TBL_STUDENT_202210 VALUES ('20220015', '김성진', '모던음악과', '0205013555555', '010-5555-5555', 'kimsj@naver.com');
INSERT INTO TBL_STUDENT_202210 VALUES ('20220016', '조민지', '건축과', '0206014666666', '010-6666-6666', 'jmg@naver.com');

SELECT * FROM TBL_STUDENT_202210

CREATE TABLE TBL_SCORE_202210 (
sid CHAR(8) NOT NULL PRIMARY KEY,
subcode CHAR(4),
midscore NUMBER,
finalscore NUMBER,
attend NUMBER,
report NUMBER,
etc NUMBER
);

INSERT INTO TBL_SCORE_202210 VALUES ('20220011', 'A001', 80, 90, 100, 100, 100);
INSERT INTO TBL_SCORE_202210 VALUES ('20220012', 'A001', 85, 90, 90, 90, 80);
INSERT INTO TBL_SCORE_202210 VALUES ('20220013', 'A001', 75, 90, 80, 77, 80);
INSERT INTO TBL_SCORE_202210 VALUES ('20220014', 'A001', 90, 90, 100, 100, 70);
INSERT INTO TBL_SCORE_202210 VALUES ('20220015', 'A002', 70, 70, 80, 80, 90);
INSERT INTO TBL_SCORE_202210 VALUES ('20220016', 'A002', 96, 95, 100, 100, 90);

SELECT * FROM TBL_SCORE_202210

CREATE TABLE TBL_SUBJECT_202210 (
subcode CHAR(4) NOT NULL PRIMARY KEY,
subname VARCHAR2(30),
proname VARCHAR2(20)
);

INSERT INTO TBL_SUBJECT_202210 VALUES ('A001', '자바', '정명석');
INSERT INTO TBL_SUBJECT_202210 VALUES ('A002', 'C언어', '김미숙');
INSERT INTO TBL_SUBJECT_202210 VALUES ('A003', '데이터베이스', '서길동');
INSERT INTO TBL_SUBJECT_202210 VALUES ('A004', '웹프로그래밍', '이건원');
INSERT INTO TBL_SUBJECT_202210 VALUES ('A005', '영어', '박태민');

SELECT * FROM TBL_SUBJECT_202210

CREATE TABLE TBL_CAR_202301 (
CAR_NUMBER CHAR(10) NOT NULL PRIMARY KEY,
CAR_NAME VARCHAR2(15),
OWNER_NAME VARCHAR2(20)
);

INSERT INTO TBL_CAR_202301 VALUES ('11가1111', '그랜저', '박선수');
INSERT INTO TBL_CAR_202301 VALUES ('22가1111', 'K3', '백선수');
INSERT INTO TBL_CAR_202301 VALUES ('33가1111', '셀토스', '채선수');
INSERT INTO TBL_CAR_202301 VALUES ('44가1111', 'SM5', '임선수');
INSERT INTO TBL_CAR_202301 VALUES ('55가1111', '티볼리', '한선수');

SELECT * FROM TBL_CAR_202301

CREATE TABLE TBL_PARKING_202301 (
CAR_NUMBER CHAR(10) NOT NULL,
LOCATION CHAR(4) NOT NULL PRIMARY KEY,
ENTRANCE_TIME  VARCHAR2(6),
DEPARTURE_TIME VARCHAR2(6)             
);

INSERT INTO TBL_PARKING_202301 VALUES ('11가1111', 'A001', '11:22');


SELECT * FROM TBL_PARKING_202301


CREATE TABLE TBL_PARKING_LOT_202301 (
LOCATION CHAR(4) NOT NULL PRIMARY KEY,
HOURLY_PARKING_FEE  NUMBER(10)
);

INSERT INTO TBL_PARKING_LOT_202301 VALUES ('A001', '1000');
INSERT INTO TBL_PARKING_LOT_202301 VALUES ('A002', '1000');
INSERT INTO TBL_PARKING_LOT_202301 VALUES ('A003', '1000');
INSERT INTO TBL_PARKING_LOT_202301 VALUES ('A004', '1000');
INSERT INTO TBL_PARKING_LOT_202301 VALUES ('A005', '1000');

SELECT * FROM TBL_PARKING_LOT_202301