CREATE TABLE TBL_TEACHER_2504 (
    TEACHER_CODE CHAR(3) PRIMARY KEY,
    TEACHER_NAME VARCHAR2(15),
    CLASS_NAME VARCHAR2(20),
    CLASS_PRICE NUMBER(8),
    TEACHER_RESIST_DATE VARCHAR2(8)
);

	SELECT 
	TEACHER_CODE, TEACHER_NAME, CLASS_NAME, 
	'\ ' || TO_CHAR (CLASS_PRICE, 'FM999,999') AS CLASS_PRICE, 
	SUBSTR(TEACHER_RESIST_DATE, 1, 4) || '년' ||
	SUBSTR(TEACHER_RESIST_DATE, 5, 2) || '월' ||
	SUBSTR(TEACHER_RESIST_DATE, 7, 2) || '일' AS TEACHER_RESIST_DATE
	FROM TBL_TEACHER_2504;

INSERT INTO TBL_TEACHER_2504 VALUES ('100', '이초급', '초급반', 100000, '20250101');
INSERT INTO TBL_TEACHER_2504 VALUES ('200', '김중급', '중급반', 200000, '20250102');
INSERT INTO TBL_TEACHER_2504 VALUES ('300', '박고급', '고급반', 300000, '20250103');
INSERT INTO TBL_TEACHER_2504 VALUES ('400', '정심화', '심화반', 400000, '20250104');

CREATE TABLE TBL_MEMBER_2504 (
    C_NO CHAR(5) PRIMARY KEY,
    C_NAME VARCHAR2(15),
    PHONE VARCHAR2(11),
    ADDRESS VARCHAR2(50),
    GRADE VARCHAR2(6)
);


INSERT INTO TBL_MEMBER_2504 VALUES ('10001', '홍길동', '01011112222', '서울시 강남구', '일반');
INSERT INTO TBL_MEMBER_2504 VALUES ('10002', '장발장', '01022223333', '성남시 분당구', '일반');
INSERT INTO TBL_MEMBER_2504 VALUES ('10003', '임꺽정', '01033334444', '대전시 유성구', '일반');
INSERT INTO TBL_MEMBER_2504 VALUES ('20001', '성춘향', '01044445555', '부산시 서구', 'VIP');
INSERT INTO TBL_MEMBER_2504 VALUES ('20002', '이몽룡', '01055556666', '대구시 북구', 'VIP');


CREATE TABLE TBL_CLASS_2504 (
    RESIST_MONTH VARCHAR2(6) NOT NULL,
    C_NO CHAR(5) NOT NULL,
    CLASS_AREA VARCHAR2(15),
    TUITION NUMBER(8),
    TEACHER_CODE CHAR(9),
    PRIMARY KEY (RESIST_MONTH, C_NO)
);

drop table TBL_CLASS_2504

SELECT
	SUBSTR(C.RESIST_MONTH, 1, 4) || '년' ||
	SUBSTR(C.RESIST_MONTH, 5, 2) || '월' AS RESIST_MONTH,
	C.C_NO, B.C_NAME, A.CLASS_NAME, C.CLASS_AREA,
	'\ ' || TO_CHAR (C.TUITION, 'FM999,999') AS TUITION,
	B.GRADE
FROM TBL_CLASS_2504 C
JOIN TBL_MEMBER_2504 B ON C.C_NO = B.C_NO
JOIN TBL_TEACHER_2504 A ON A.TEACHER_CODE = C.TEACHER_CODE;
	

INSERT INTO TBL_CLASS_2504 VALUES ('202503', '10001', '서울본원', 100000, '100');
INSERT INTO TBL_CLASS_2504 VALUES ('202503', '10002', '성남분원', 100000, '100');
INSERT INTO TBL_CLASS_2504 VALUES ('202503', '10003', '대전본원', 200000, '200');
INSERT INTO TBL_CLASS_2504 VALUES ('202503', '20001', '부산본원', 150000, '300');
INSERT INTO TBL_CLASS_2504 VALUES ('202503', '20002', '대구분원', 200000, '400'); 

SELECT * FROM TBL_TEACHER_2504;
SELECT * FROM TBL_MEMBER_2504;
SELECT * FROM TBL_CLASS_2504;






